id,name,email
1,Ethan Taylor,ethan.taylor1@example.com
2,Ethan Walker,ethan.walker2@example.com
3,Julia Lewis,julia.lewis3@example.com
4,Julia Hall,julia.hall4@example.com
5,Diana Taylor,diana.taylor5@example.com
6,Julia Hunt,julia.hunt6@example.com
7,Fiona Walker,fiona.walker7@example.com
8,Fiona Smith,fiona.smith8@example.com
9,Charlie Johnson,charlie.johnson9@example.com
10,Hannah Prince,hannah.prince10@example.com
11,Ethan Johnson,ethan.johnson11@example.com
12,Ethan Hunt,ethan.hunt12@example.com
13,Bob Clark,bob.clark13@example.com
14,Alice Taylor,alice.taylor14@example.com
15,Fiona Johnson,fiona.johnson15@example.com
16,Charlie Lewis,charlie.lewis16@example.com
17,Bob Taylor,bob.taylor17@example.com
18,Ethan Smith,ethan.smith18@example.com
19,George Taylor,george.taylor19@example.com
20,Alice Prince,alice.prince20@example.com
21,George Clark,george.clark21@example.com
22,Charlie Hall,charlie.hall22@example.com
23,Ethan Smith,ethan.smith23@example.com
24,Diana Taylor,diana.taylor24@example.com
25,Ethan Hall,ethan.hall25@example.com
26,Diana Johnson,diana.johnson26@example.com
27,Hannah Smith,hannah.smith27@example.com
28,Alice Hall,alice.hall28@example.com
29,George Smith,george.smith29@example.com
30,Bob Taylor,bob.taylor30@example.com
31,Alice Clark,alice.clark31@example.com
32,George Taylor,george.taylor32@example.com
33,Ethan Prince,ethan.prince33@example.com
34,Ian Prince,ian.prince34@example.com
35,Ian Smith,ian.smith35@example.com
36,Julia Smith,julia.smith36@example.com
37,Hannah Clark,hannah.clark37@example.com
38,Fiona Hall,fiona.hall38@example.com
39,George Brown,george.brown39@example.com
40,Diana Brown,diana.brown40@example.com
41,Fiona Hunt,fiona.hunt41@example.com
42,Fiona Prince,fiona.prince42@example.com
43,Alice Hall,alice.hall43@example.com
44,Ian Lewis,ian.lewis44@example.com
45,Alice Hunt,alice.hunt45@example.com
46,Diana Lewis,diana.lewis46@example.com
47,Charlie Lewis,charlie.lewis47@example.com
48,Charlie Walker,charlie.walker48@example.com
49,Diana Hunt,diana.hunt49@example.com
50,Bob Smith,bob.smith50@example.com
51,Alice Clark,alice.clark51@example.com
52,Charlie Brown,charlie.brown52@example.com
53,Charlie Prince,charlie.prince53@example.com
54,Julia Hunt,julia.hunt54@example.com
55,Ian Hunt,ian.hunt55@example.com
56,Diana Clark,diana.clark56@example.com
57,Bob Lewis,bob.lewis57@example.com
58,Fiona Lewis,fiona.lewis58@example.com
59,Hannah Prince,hannah.prince59@example.com
60,Ian Clark,ian.clark60@example.com
61,Charlie Lewis,charlie.lewis61@example.com
62,Ethan Taylor,ethan.taylor62@example.com
63,Fiona Lewis,fiona.lewis63@example.com
64,Ethan Hall,ethan.hall64@example.com
65,Charlie Walker,charlie.walker65@example.com
66,Fiona Hunt,fiona.hunt66@example.com
67,Diana Hunt,diana.hunt67@example.com
68,Alice Clark,alice.clark68@example.com
69,Julia Clark,julia.clark69@example.com
70,Hannah Johnson,hannah.johnson70@example.com
71,George Hunt,george.hunt71@example.com
72,Charlie Johnson,charlie.johnson72@example.com
73,Julia Clark,julia.clark73@example.com
74,Fiona Brown,fiona.brown74@example.com
75,Julia Walker,julia.walker75@example.com
76,George Brown,george.brown76@example.com
77,Alice Johnson,alice.johnson77@example.com
78,Hannah Johnson,hannah.johnson78@example.com
79,Julia Brown,julia.brown79@example.com
80,Diana Clark,diana.clark80@example.com
81,Julia Smith,julia.smith81@example.com
82,Julia Smith,julia.smith82@example.com
83,Diana Clark,diana.clark83@example.com
84,Charlie Walker,charlie.walker84@example.com
85,Bob Prince,bob.prince85@example.com
86,Ian Brown,ian.brown86@example.com
87,Bob Johnson,bob.johnson87@example.com
88,Ian Hunt,ian.hunt88@example.com
89,Julia Walker,julia.walker89@example.com
90,Bob Hall,bob.hall90@example.com
91,George Johnson,george.johnson91@example.com
92,George Lewis,george.lewis92@example.com
93,Julia Clark,julia.clark93@example.com
94,Ethan Brown,ethan.brown94@example.com
95,Ian Johnson,ian.johnson95@example.com
96,Charlie Hunt,charlie.hunt96@example.com
97,Charlie Hall,charlie.hall97@example.com
98,George Taylor,george.taylor98@example.com
99,Ethan Johnson,ethan.johnson99@example.com
100,Hannah Taylor,hannah.taylor100@example.com
101,Ethan Hunt,ethan.hunt101@example.com
102,Julia Lewis,julia.lewis102@example.com
103,Bob Taylor,bob.taylor103@example.com
104,Fiona Johnson,fiona.johnson104@example.com
105,Diana Clark,diana.clark105@example.com
106,Alice Hall,alice.hall106@example.com
107,Fiona Smith,fiona.smith107@example.com
108,Ethan Smith,ethan.smith108@example.com
109,Bob Johnson,bob.johnson109@example.com
110,Ian Walker,ian.walker110@example.com
111,Alice Hall,alice.hall111@example.com
112,George Johnson,george.johnson112@example.com
113,George Hunt,george.hunt113@example.com
114,Hannah Brown,hannah.brown114@example.com
115,Ethan Walker,ethan.walker115@example.com
116,Bob Hall,bob.hall116@example.com
117,Ian Hall,ian.hall117@example.com
118,Ethan Johnson,ethan.johnson118@example.com
119,Julia Johnson,julia.johnson119@example.com
120,Bob Brown,bob.brown120@example.com
121,Bob Johnson,bob.johnson121@example.com
122,Hannah Hunt,hannah.hunt122@example.com
123,Alice Walker,alice.walker123@example.com
124,Charlie Prince,charlie.prince124@example.com
125,Ian Clark,ian.clark125@example.com
126,Julia Hunt,julia.hunt126@example.com
127,Fiona Clark,fiona.clark127@example.com
128,George Smith,george.smith128@example.com
129,Bob Lewis,bob.lewis129@example.com
130,George Walker,george.walker130@example.com
131,Charlie Taylor,charlie.taylor131@example.com
132,Charlie Walker,charlie.walker132@example.com
133,Diana Lewis,diana.lewis133@example.com
134,George Lewis,george.lewis134@example.com
135,Julia Lewis,julia.lewis135@example.com
136,Fiona Walker,fiona.walker136@example.com
137,Alice Hall,alice.hall137@example.com
138,Hannah Clark,hannah.clark138@example.com
139,Julia Walker,julia.walker139@example.com
140,Bob Hall,bob.hall140@example.com
141,Charlie Walker,charlie.walker141@example.com
142,Ethan Smith,ethan.smith142@example.com
143,Ian Walker,ian.walker143@example.com
144,Diana Clark,diana.clark144@example.com
145,Diana Johnson,diana.johnson145@example.com
146,Alice Hall,alice.hall146@example.com
147,Julia Smith,julia.smith147@example.com
148,Ethan Hall,ethan.hall148@example.com
149,Diana Brown,diana.brown149@example.com
150,Ian Lewis,ian.lewis150@example.com
151,Hannah Johnson,hannah.johnson151@example.com
152,Ethan Prince,ethan.prince152@example.com
153,Alice Walker,alice.walker153@example.com
154,Ian Walker,ian.walker154@example.com
155,Hannah Prince,hannah.prince155@example.com
156,Bob Clark,bob.clark156@example.com
157,Julia Lewis,julia.lewis157@example.com
158,Ethan Walker,ethan.walker158@example.com
159,Alice Clark,alice.clark159@example.com
160,Charlie Smith,charlie.smith160@example.com
161,Julia Clark,julia.clark161@example.com
162,Fiona Clark,fiona.clark162@example.com
163,Ian Johnson,ian.johnson163@example.com
164,Hannah Hunt,hannah.hunt164@example.com
165,Julia Lewis,julia.lewis165@example.com
166,Ethan Hall,ethan.hall166@example.com
167,Diana Walker,diana.walker167@example.com
168,Ian Lewis,ian.lewis168@example.com
169,Alice Taylor,alice.taylor169@example.com
170,Ethan Johnson,ethan.johnson170@example.com
171,Alice Brown,alice.brown171@example.com
172,Charlie Brown,charlie.brown172@example.com
173,Julia Smith,julia.smith173@example.com
174,Diana Walker,diana.walker174@example.com
175,Fiona Johnson,fiona.johnson175@example.com
176,Alice Hunt,alice.hunt176@example.com
177,Alice Hall,alice.hall177@example.com
178,Hannah Prince,hannah.prince178@example.com
179,George Walker,george.walker179@example.com
180,Alice Johnson,alice.johnson180@example.com
181,Fiona Clark,fiona.clark181@example.com
182,Bob Brown,bob.brown182@example.com
183,Ethan Johnson,ethan.johnson183@example.com
184,Ethan Hall,ethan.hall184@example.com
185,Ethan Hunt,ethan.hunt185@example.com
186,Charlie Taylor,charlie.taylor186@example.com
187,Julia Smith,julia.smith187@example.com
188,Alice Smith,alice.smith188@example.com
189,Charlie Brown,charlie.brown189@example.com
190,Diana Brown,diana.brown190@example.com
191,Hannah Smith,hannah.smith191@example.com
192,Ian Prince,ian.prince192@example.com
193,Fiona Smith,fiona.smith193@example.com
194,Charlie Brown,charlie.brown194@example.com
195,Ian Hunt,ian.hunt195@example.com
196,Bob Hunt,bob.hunt196@example.com
197,Charlie Clark,charlie.clark197@example.com
198,George Clark,george.clark198@example.com
199,Ian Johnson,ian.johnson199@example.com
200,Ian Smith,ian.smith200@example.com
201,Julia Johnson,julia.johnson201@example.com
202,Hannah Johnson,hannah.johnson202@example.com
203,Julia Smith,julia.smith203@example.com
204,Ian Lewis,ian.lewis204@example.com
205,Bob Taylor,bob.taylor205@example.com
206,Hannah Clark,hannah.clark206@example.com
207,Fiona Smith,fiona.smith207@example.com
208,Diana Walker,diana.walker208@example.com
209,Julia Hall,julia.hall209@example.com
210,Fiona Clark,fiona.clark210@example.com
211,Bob Brown,bob.brown211@example.com
212,Ian Hall,ian.hall212@example.com
213,George Prince,george.prince213@example.com
214,Diana Taylor,diana.taylor214@example.com
215,George Brown,george.brown215@example.com
216,Diana Clark,diana.clark216@example.com
217,Diana Taylor,diana.taylor217@example.com
218,Charlie Taylor,charlie.taylor218@example.com
219,Julia Hall,julia.hall219@example.com
220,Julia Walker,julia.walker220@example.com
221,Charlie Lewis,charlie.lewis221@example.com
222,Ian Prince,ian.prince222@example.com
223,Charlie Lewis,charlie.lewis223@example.com
224,Julia Brown,julia.brown224@example.com
225,George Brown,george.brown225@example.com
226,Fiona Lewis,fiona.lewis226@example.com
227,Ian Taylor,ian.taylor227@example.com
228,Bob Taylor,bob.taylor228@example.com
229,George Hunt,george.hunt229@example.com
230,Ethan Prince,ethan.prince230@example.com
231,Alice Johnson,alice.johnson231@example.com
232,Julia Brown,julia.brown232@example.com
233,Ethan Smith,ethan.smith233@example.com
234,Bob Smith,bob.smith234@example.com
235,George Clark,george.clark235@example.com
236,Bob Brown,bob.brown236@example.com
237,Ethan Hall,ethan.hall237@example.com
238,Ethan Hall,ethan.hall238@example.com
239,Diana Hunt,diana.hunt239@example.com
240,Charlie Taylor,charlie.taylor240@example.com
241,George Smith,george.smith241@example.com
242,Bob Smith,bob.smith242@example.com
243,Ethan Smith,ethan.smith243@example.com
244,Fiona Taylor,fiona.taylor244@example.com
245,Hannah Brown,hannah.brown245@example.com
246,Ian Prince,ian.prince246@example.com
247,Fiona Prince,fiona.prince247@example.com
248,Ethan Hall,ethan.hall248@example.com
249,Ian Johnson,ian.johnson249@example.com
250,George Hall,george.hall250@example.com
251,Hannah Smith,hannah.smith251@example.com
252,Fiona Walker,fiona.walker252@example.com
253,Bob Smith,bob.smith253@example.com
254,Alice Taylor,alice.taylor254@example.com
255,George Lewis,george.lewis255@example.com
256,Ian Clark,ian.clark256@example.com
257,Fiona Prince,fiona.prince257@example.com
258,Ethan Lewis,ethan.lewis258@example.com
259,Diana Lewis,diana.lewis259@example.com
260,Fiona Prince,fiona.prince260@example.com
261,Fiona Brown,fiona.brown261@example.com
262,Hannah Taylor,hannah.taylor262@example.com
263,Julia Johnson,julia.johnson263@example.com
264,Hannah Hunt,hannah.hunt264@example.com
265,Julia Brown,julia.brown265@example.com
266,Julia Prince,julia.prince266@example.com
267,George Clark,george.clark267@example.com
268,Charlie Hunt,charlie.hunt268@example.com
269,Ian Hunt,ian.hunt269@example.com
270,Bob Brown,bob.brown270@example.com
271,Ethan Brown,ethan.brown271@example.com
272,George Taylor,george.taylor272@example.com
273,Bob Taylor,bob.taylor273@example.com
274,Alice Prince,alice.prince274@example.com
275,Ethan Brown,ethan.brown275@example.com
276,Charlie Hunt,charlie.hunt276@example.com
277,Ethan Brown,ethan.brown277@example.com
278,Ian Lewis,ian.lewis278@example.com
279,Ian Walker,ian.walker279@example.com
280,Diana Brown,diana.brown280@example.com
281,George Brown,george.brown281@example.com
282,Julia Walker,julia.walker282@example.com
283,Hannah Prince,hannah.prince283@example.com
284,Hannah Walker,hannah.walker284@example.com
285,George Hunt,george.hunt285@example.com
286,Bob Taylor,bob.taylor286@example.com
287,Fiona Johnson,fiona.johnson287@example.com
288,George Smith,george.smith288@example.com
289,Alice Smith,alice.smith289@example.com
290,Julia Brown,julia.brown290@example.com
291,George Johnson,george.johnson291@example.com
292,Diana Smith,diana.smith292@example.com
293,George Taylor,george.taylor293@example.com
294,Charlie Clark,charlie.clark294@example.com
295,Ian Clark,ian.clark295@example.com
296,Alice Brown,alice.brown296@example.com
297,Hannah Walker,hannah.walker297@example.com
298,Julia Prince,julia.prince298@example.com
299,Bob Brown,bob.brown299@example.com
300,Ethan Lewis,ethan.lewis300@example.com
301,Ian Smith,ian.smith301@example.com
302,Diana Prince,diana.prince302@example.com
303,Alice Smith,alice.smith303@example.com
304,Julia Hunt,julia.hunt304@example.com
305,Bob Clark,bob.clark305@example.com
306,Ethan Hunt,ethan.hunt306@example.com
307,Ian Johnson,ian.johnson307@example.com
308,Charlie Taylor,charlie.taylor308@example.com
309,Hannah Walker,hannah.walker309@example.com
310,Ethan Brown,ethan.brown310@example.com
311,Alice Hunt,alice.hunt311@example.com
312,Ian Brown,ian.brown312@example.com
313,Diana Hall,diana.hall313@example.com
314,Bob Hall,bob.hall314@example.com
315,Ethan Taylor,ethan.taylor315@example.com
316,Fiona Hunt,fiona.hunt316@example.com
317,Fiona Walker,fiona.walker317@example.com
318,Diana Hall,diana.hall318@example.com
319,Julia Brown,julia.brown319@example.com
320,Diana Taylor,diana.taylor320@example.com
321,Fiona Lewis,fiona.lewis321@example.com
322,Diana Walker,diana.walker322@example.com
323,Charlie Taylor,charlie.taylor323@example.com
324,Bob Brown,bob.brown324@example.com
325,Alice Prince,alice.prince325@example.com
326,Julia Walker,julia.walker326@example.com
327,Alice Johnson,alice.johnson327@example.com
328,Ethan Lewis,ethan.lewis328@example.com
329,Diana Clark,diana.clark329@example.com
330,Ian Walker,ian.walker330@example.com
331,Ethan Taylor,ethan.taylor331@example.com
332,Ian Hall,ian.hall332@example.com
333,Charlie Taylor,charlie.taylor333@example.com
334,Fiona Lewis,fiona.lewis334@example.com
335,Alice Clark,alice.clark335@example.com
336,Charlie Lewis,charlie.lewis336@example.com
337,Hannah Smith,hannah.smith337@example.com
338,Fiona Johnson,fiona.johnson338@example.com
339,George Prince,george.prince339@example.com
340,Bob Smith,bob.smith340@example.com
341,George Hunt,george.hunt341@example.com
342,Hannah Taylor,hannah.taylor342@example.com
343,Alice Clark,alice.clark343@example.com
344,Julia Prince,julia.prince344@example.com
345,Fiona Smith,fiona.smith345@example.com
346,Diana Smith,diana.smith346@example.com
347,Diana Prince,diana.prince347@example.com
348,Julia Johnson,julia.johnson348@example.com
349,Bob Smith,bob.smith349@example.com
350,Julia Smith,julia.smith350@example.com
351,Alice Hall,alice.hall351@example.com
352,Ian Johnson,ian.johnson352@example.com
353,Ian Lewis,ian.lewis353@example.com
354,Ethan Johnson,ethan.johnson354@example.com
355,Charlie Brown,charlie.brown355@example.com
356,Ian Hall,ian.hall356@example.com
357,Charlie Brown,charlie.brown357@example.com
358,Bob Hall,bob.hall358@example.com
359,Julia Taylor,julia.taylor359@example.com
360,Ian Prince,ian.prince360@example.com
361,Ian Taylor,ian.taylor361@example.com
362,George Smith,george.smith362@example.com
363,Charlie Walker,charlie.walker363@example.com
364,Julia Lewis,julia.lewis364@example.com
365,Bob Hall,bob.hall365@example.com
366,Hannah Clark,hannah.clark366@example.com
367,George Walker,george.walker367@example.com
368,Diana Prince,diana.prince368@example.com
369,Diana Lewis,diana.lewis369@example.com
370,Hannah Prince,hannah.prince370@example.com
371,Bob Hall,bob.hall371@example.com
372,Fiona Hunt,fiona.hunt372@example.com
373,Alice Brown,alice.brown373@example.com
374,Diana Hunt,diana.hunt374@example.com
375,Ethan Johnson,ethan.johnson375@example.com
376,Fiona Lewis,fiona.lewis376@example.com
377,Ian Prince,ian.prince377@example.com
378,Bob Taylor,bob.taylor378@example.com
379,Ian Hall,ian.hall379@example.com
380,Alice Brown,alice.brown380@example.com
381,George Hall,george.hall381@example.com
382,George Lewis,george.lewis382@example.com
383,Fiona Taylor,fiona.taylor383@example.com
384,Ethan Walker,ethan.walker384@example.com
385,Julia Hunt,julia.hunt385@example.com
386,Ethan Walker,ethan.walker386@example.com
387,Alice Brown,alice.brown387@example.com
388,Bob Hall,bob.hall388@example.com
389,Bob Hunt,bob.hunt389@example.com
390,Fiona Hunt,fiona.hunt390@example.com
391,Bob Taylor,bob.taylor391@example.com
392,Fiona Hunt,fiona.hunt392@example.com
393,Fiona Brown,fiona.brown393@example.com
394,Ian Clark,ian.clark394@example.com
395,George Taylor,george.taylor395@example.com
396,Diana Clark,diana.clark396@example.com
397,Charlie Smith,charlie.smith397@example.com
398,Ethan Lewis,ethan.lewis398@example.com
399,Julia Hunt,julia.hunt399@example.com
400,Julia Smith,julia.smith400@example.com
401,George Prince,george.prince401@example.com
402,George Taylor,george.taylor402@example.com
403,Ethan Lewis,ethan.lewis403@example.com
404,Fiona Clark,fiona.clark404@example.com
405,Bob Hall,bob.hall405@example.com
406,George Brown,george.brown406@example.com
407,Diana Smith,diana.smith407@example.com
408,George Smith,george.smith408@example.com
409,Diana Clark,diana.clark409@example.com
410,Charlie Smith,charlie.smith410@example.com
411,Fiona Smith,fiona.smith411@example.com
412,Ian Brown,ian.brown412@example.com
413,Fiona Hunt,fiona.hunt413@example.com
414,Charlie Lewis,charlie.lewis414@example.com
415,Bob Smith,bob.smith415@example.com
416,Bob Taylor,bob.taylor416@example.com
417,Ian Taylor,ian.taylor417@example.com
418,Ian Prince,ian.prince418@example.com
419,Ethan Hall,ethan.hall419@example.com
420,Bob Walker,bob.walker420@example.com
421,Alice Smith,alice.smith421@example.com
422,Ethan Walker,ethan.walker422@example.com
423,Hannah Prince,hannah.prince423@example.com
424,George Lewis,george.lewis424@example.com
425,Julia Lewis,julia.lewis425@example.com
426,Bob Brown,bob.brown426@example.com
427,Charlie Johnson,charlie.johnson427@example.com
428,Julia Hunt,julia.hunt428@example.com
429,Julia Taylor,julia.taylor429@example.com
430,Alice Taylor,alice.taylor430@example.com
431,Julia Smith,julia.smith431@example.com
432,Ethan Lewis,ethan.lewis432@example.com
433,Ethan Brown,ethan.brown433@example.com
434,Ian Walker,ian.walker434@example.com
435,George Prince,george.prince435@example.com
436,Ian Taylor,ian.taylor436@example.com
437,Julia Prince,julia.prince437@example.com
438,Bob Prince,bob.prince438@example.com
439,Diana Brown,diana.brown439@example.com
440,George Taylor,george.taylor440@example.com
441,Ian Taylor,ian.taylor441@example.com
442,Ethan Lewis,ethan.lewis442@example.com
443,Ethan Smith,ethan.smith443@example.com
444,Fiona Hall,fiona.hall444@example.com
445,Bob Johnson,bob.johnson445@example.com
446,Alice Johnson,alice.johnson446@example.com
447,Fiona Brown,fiona.brown447@example.com
448,Ian Walker,ian.walker448@example.com
449,Charlie Smith,charlie.smith449@example.com
450,Hannah Taylor,hannah.taylor450@example.com
451,Fiona Hunt,fiona.hunt451@example.com
452,George Hunt,george.hunt452@example.com
453,Bob Hall,bob.hall453@example.com
454,Bob Lewis,bob.lewis454@example.com
455,Alice Lewis,alice.lewis455@example.com
456,Fiona Clark,fiona.clark456@example.com
457,Julia Brown,julia.brown457@example.com
458,Diana Lewis,diana.lewis458@example.com
459,Hannah Prince,hannah.prince459@example.com
460,Hannah Lewis,hannah.lewis460@example.com
461,Charlie Clark,charlie.clark461@example.com
462,Diana Prince,diana.prince462@example.com
463,Bob Lewis,bob.lewis463@example.com
464,George Smith,george.smith464@example.com
465,Charlie Hall,charlie.hall465@example.com
466,Ian Clark,ian.clark466@example.com
467,Julia Smith,julia.smith467@example.com
468,Charlie Smith,charlie.smith468@example.com
469,George Hall,george.hall469@example.com
470,George Hall,george.hall470@example.com
471,George Johnson,george.johnson471@example.com
472,Fiona Walker,fiona.walker472@example.com
473,Julia Taylor,julia.taylor473@example.com
474,Ethan Hunt,ethan.hunt474@example.com
475,Diana Taylor,diana.taylor475@example.com
476,Alice Clark,alice.clark476@example.com
477,Julia Brown,julia.brown477@example.com
478,Hannah Johnson,hannah.johnson478@example.com
479,Bob Clark,bob.clark479@example.com
480,Ethan Walker,ethan.walker480@example.com
481,Alice Walker,alice.walker481@example.com
482,Diana Taylor,diana.taylor482@example.com
483,Bob Hunt,bob.hunt483@example.com
484,Charlie Hall,charlie.hall484@example.com
485,Hannah Smith,hannah.smith485@example.com
486,Ethan Prince,ethan.prince486@example.com
487,George Clark,george.clark487@example.com
488,Diana Walker,diana.walker488@example.com
489,Bob Taylor,bob.taylor489@example.com
490,Charlie Taylor,charlie.taylor490@example.com
491,Charlie Hall,charlie.hall491@example.com
492,Ian Smith,ian.smith492@example.com
493,Charlie Prince,charlie.prince493@example.com
494,Julia Lewis,julia.lewis494@example.com
495,Fiona Brown,fiona.brown495@example.com
496,Charlie Lewis,charlie.lewis496@example.com
497,Hannah Lewis,hannah.lewis497@example.com
498,Charlie Taylor,charlie.taylor498@example.com
499,Charlie Hall,charlie.hall499@example.com
500,Alice Prince,alice.prince500@example.com
501,Charlie Brown,charlie.brown501@example.com
502,Ian Hall,ian.hall502@example.com
503,Hannah Johnson,hannah.johnson503@example.com
504,Fiona Taylor,fiona.taylor504@example.com
505,Hannah Walker,hannah.walker505@example.com
506,Ian Hall,ian.hall506@example.com
507,Charlie Prince,charlie.prince507@example.com
508,Bob Brown,bob.brown508@example.com
509,Ian Johnson,ian.johnson509@example.com
510,Ethan Lewis,ethan.lewis510@example.com
511,Charlie Lewis,charlie.lewis511@example.com
512,Hannah Clark,hannah.clark512@example.com
513,Ethan Brown,ethan.brown513@example.com
514,George Johnson,george.johnson514@example.com
515,Diana Brown,diana.brown515@example.com
516,Ian Johnson,ian.johnson516@example.com
517,Alice Hunt,alice.hunt517@example.com
518,Hannah Smith,hannah.smith518@example.com
519,Alice Clark,alice.clark519@example.com
520,Ian Brown,ian.brown520@example.com
521,Julia Taylor,julia.taylor521@example.com
522,George Smith,george.smith522@example.com
523,Julia Clark,julia.clark523@example.com
524,Ethan Hunt,ethan.hunt524@example.com
525,Fiona Johnson,fiona.johnson525@example.com
526,Ian Walker,ian.walker526@example.com
527,George Taylor,george.taylor527@example.com
528,Diana Prince,diana.prince528@example.com
529,George Lewis,george.lewis529@example.com
530,Ian Clark,ian.clark530@example.com
531,Fiona Clark,fiona.clark531@example.com
532,George Brown,george.brown532@example.com
533,Ethan Clark,ethan.clark533@example.com
534,George Brown,george.brown534@example.com
535,Hannah Lewis,hannah.lewis535@example.com
536,Ethan Walker,ethan.walker536@example.com
537,George Clark,george.clark537@example.com
538,Ethan Brown,ethan.brown538@example.com
539,Julia Taylor,julia.taylor539@example.com
540,Ethan Johnson,ethan.johnson540@example.com
541,Alice Brown,alice.brown541@example.com
542,Fiona Hunt,fiona.hunt542@example.com
543,Julia Hunt,julia.hunt543@example.com
544,Ian Smith,ian.smith544@example.com
545,Diana Hunt,diana.hunt545@example.com
546,George Prince,george.prince546@example.com
547,Fiona Hunt,fiona.hunt547@example.com
548,Hannah Taylor,hannah.taylor548@example.com
549,George Prince,george.prince549@example.com
550,Bob Hunt,bob.hunt550@example.com
551,Diana Brown,diana.brown551@example.com
552,Hannah Lewis,hannah.lewis552@example.com
553,Bob Prince,bob.prince553@example.com
554,Julia Prince,julia.prince554@example.com
555,George Prince,george.prince555@example.com
556,Ian Walker,ian.walker556@example.com
557,Charlie Prince,charlie.prince557@example.com
558,Ethan Hall,ethan.hall558@example.com
559,Ethan Walker,ethan.walker559@example.com
560,Diana Lewis,diana.lewis560@example.com
561,Ian Hall,ian.hall561@example.com
562,Fiona Prince,fiona.prince562@example.com
563,George Prince,george.prince563@example.com
564,Ian Taylor,ian.taylor564@example.com
565,Charlie Lewis,charlie.lewis565@example.com
566,Hannah Lewis,hannah.lewis566@example.com
567,Ian Taylor,ian.taylor567@example.com
568,Bob Hunt,bob.hunt568@example.com
569,Hannah Walker,hannah.walker569@example.com
570,Bob Lewis,bob.lewis570@example.com
571,Alice Walker,alice.walker571@example.com
572,Hannah Hall,hannah.hall572@example.com
573,Alice Hunt,alice.hunt573@example.com
574,Ethan Brown,ethan.brown574@example.com
575,Hannah Johnson,hannah.johnson575@example.com
576,Ethan Walker,ethan.walker576@example.com
577,Alice Lewis,alice.lewis577@example.com
578,Ethan Lewis,ethan.lewis578@example.com
579,Alice Hall,alice.hall579@example.com
580,Fiona Smith,fiona.smith580@example.com
581,Charlie Smith,charlie.smith581@example.com
582,Charlie Smith,charlie.smith582@example.com
583,Diana Clark,diana.clark583@example.com
584,Fiona Prince,fiona.prince584@example.com
585,Ethan Prince,ethan.prince585@example.com
586,Diana Hall,diana.hall586@example.com
587,Fiona Prince,fiona.prince587@example.com
588,Ethan Smith,ethan.smith588@example.com
589,Diana Clark,diana.clark589@example.com
590,Alice Johnson,alice.johnson590@example.com
591,Alice Smith,alice.smith591@example.com
592,Ian Smith,ian.smith592@example.com
593,Ian Clark,ian.clark593@example.com
594,Julia Smith,julia.smith594@example.com
595,Ethan Clark,ethan.clark595@example.com
596,Julia Hunt,julia.hunt596@example.com
597,Fiona Prince,fiona.prince597@example.com
598,Charlie Hunt,charlie.hunt598@example.com
599,Diana Hall,diana.hall599@example.com
600,Fiona Clark,fiona.clark600@example.com
601,Hannah Brown,hannah.brown601@example.com
602,Julia Lewis,julia.lewis602@example.com
603,Bob Taylor,bob.taylor603@example.com
604,Charlie Hall,charlie.hall604@example.com
605,Ian Clark,ian.clark605@example.com
606,Julia Prince,julia.prince606@example.com
607,Bob Hall,bob.hall607@example.com
608,Diana Lewis,diana.lewis608@example.com
609,Charlie Clark,charlie.clark609@example.com
610,Charlie Taylor,charlie.taylor610@example.com
611,Charlie Hunt,charlie.hunt611@example.com
612,Julia Prince,julia.prince612@example.com
613,Charlie Lewis,charlie.lewis613@example.com
614,Charlie Taylor,charlie.taylor614@example.com
615,Hannah Smith,hannah.smith615@example.com
616,George Prince,george.prince616@example.com
617,Alice Hall,alice.hall617@example.com
618,Charlie Brown,charlie.brown618@example.com
619,Ian Prince,ian.prince619@example.com
620,Ian Johnson,ian.johnson620@example.com
621,George Taylor,george.taylor621@example.com
622,Julia Prince,julia.prince622@example.com
623,Hannah Brown,hannah.brown623@example.com
624,Alice Johnson,alice.johnson624@example.com
625,Hannah Brown,hannah.brown625@example.com
626,Diana Johnson,diana.johnson626@example.com
627,Alice Walker,alice.walker627@example.com
628,George Prince,george.prince628@example.com
629,Hannah Taylor,hannah.taylor629@example.com
630,Hannah Taylor,hannah.taylor630@example.com
631,Julia Prince,julia.prince631@example.com
632,Charlie Hall,charlie.hall632@example.com
633,Hannah Walker,hannah.walker633@example.com
634,Bob Hall,bob.hall634@example.com
635,Ian Walker,ian.walker635@example.com
636,Alice Smith,alice.smith636@example.com
637,Ian Prince,ian.prince637@example.com
638,Diana Johnson,diana.johnson638@example.com
639,Charlie Prince,charlie.prince639@example.com
640,Diana Smith,diana.smith640@example.com
641,Bob Smith,bob.smith641@example.com
642,Charlie Walker,charlie.walker642@example.com
643,Ian Hall,ian.hall643@example.com
644,Bob Clark,bob.clark644@example.com
645,Ethan Lewis,ethan.lewis645@example.com
646,Ethan Walker,ethan.walker646@example.com
647,Alice Prince,alice.prince647@example.com
648,Ethan Walker,ethan.walker648@example.com
649,Fiona Johnson,fiona.johnson649@example.com
650,Diana Brown,diana.brown650@example.com
651,Charlie Johnson,charlie.johnson651@example.com
652,Hannah Hunt,hannah.hunt652@example.com
653,Fiona Lewis,fiona.lewis653@example.com
654,Alice Walker,alice.walker654@example.com
655,Hannah Hall,hannah.hall655@example.com
656,Ian Hall,ian.hall656@example.com
657,Charlie Lewis,charlie.lewis657@example.com
658,Hannah Clark,hannah.clark658@example.com
659,Diana Lewis,diana.lewis659@example.com
660,Julia Clark,julia.clark660@example.com
661,Diana Clark,diana.clark661@example.com
662,Bob Walker,bob.walker662@example.com
663,George Prince,george.prince663@example.com
664,Julia Prince,julia.prince664@example.com
665,Julia Taylor,julia.taylor665@example.com
666,Fiona Brown,fiona.brown666@example.com
667,George Lewis,george.lewis667@example.com
668,Ethan Taylor,ethan.taylor668@example.com
669,Charlie Smith,charlie.smith669@example.com
670,Diana Lewis,diana.lewis670@example.com
671,Fiona Hunt,fiona.hunt671@example.com
672,Fiona Hall,fiona.hall672@example.com
673,Ethan Walker,ethan.walker673@example.com
674,Julia Hall,julia.hall674@example.com
675,Diana Walker,diana.walker675@example.com
676,Ethan Brown,ethan.brown676@example.com
677,Charlie Hunt,charlie.hunt677@example.com
678,Fiona Clark,fiona.clark678@example.com
679,Diana Clark,diana.clark679@example.com
680,Diana Hall,diana.hall680@example.com
681,Bob Johnson,bob.johnson681@example.com
682,Fiona Taylor,fiona.taylor682@example.com
683,Julia Hunt,julia.hunt683@example.com
684,Bob Taylor,bob.taylor684@example.com
685,Hannah Smith,hannah.smith685@example.com
686,Alice Brown,alice.brown686@example.com
687,Ian Prince,ian.prince687@example.com
688,George Lewis,george.lewis688@example.com
689,Fiona Hall,fiona.hall689@example.com
690,Bob Lewis,bob.lewis690@example.com
691,Julia Hall,julia.hall691@example.com
692,George Hall,george.hall692@example.com
693,Bob Lewis,bob.lewis693@example.com
694,Hannah Hall,hannah.hall694@example.com
695,Julia Hunt,julia.hunt695@example.com
696,Hannah Brown,hannah.brown696@example.com
697,Julia Hunt,julia.hunt697@example.com
698,Alice Taylor,alice.taylor698@example.com
699,Fiona Smith,fiona.smith699@example.com
700,Diana Lewis,diana.lewis700@example.com
701,Fiona Hunt,fiona.hunt701@example.com
702,Alice Smith,alice.smith702@example.com
703,Fiona Smith,fiona.smith703@example.com
704,Ethan Johnson,ethan.johnson704@example.com
705,Hannah Johnson,hannah.johnson705@example.com
706,Hannah Johnson,hannah.johnson706@example.com
707,Ian Hall,ian.hall707@example.com
708,Julia Smith,julia.smith708@example.com
709,Alice Brown,alice.brown709@example.com
710,Julia Johnson,julia.johnson710@example.com
711,Diana Johnson,diana.johnson711@example.com
712,Charlie Hunt,charlie.hunt712@example.com
713,Ethan Brown,ethan.brown713@example.com
714,Ian Clark,ian.clark714@example.com
715,Alice Walker,alice.walker715@example.com
716,Bob Smith,bob.smith716@example.com
717,Diana Walker,diana.walker717@example.com
718,Bob Johnson,bob.johnson718@example.com
719,George Hall,george.hall719@example.com
720,Ian Taylor,ian.taylor720@example.com
721,Bob Clark,bob.clark721@example.com
722,Bob Brown,bob.brown722@example.com
723,Ethan Johnson,ethan.johnson723@example.com
724,Bob Johnson,bob.johnson724@example.com
725,Julia Prince,julia.prince725@example.com
726,Hannah Taylor,hannah.taylor726@example.com
727,Alice Smith,alice.smith727@example.com
728,George Walker,george.walker728@example.com
729,Bob Hunt,bob.hunt729@example.com
730,Ethan Brown,ethan.brown730@example.com
731,Alice Hall,alice.hall731@example.com
732,Ian Hunt,ian.hunt732@example.com
733,Bob Hunt,bob.hunt733@example.com
734,George Clark,george.clark734@example.com
735,Bob Johnson,bob.johnson735@example.com
736,Julia Prince,julia.prince736@example.com
737,Ethan Brown,ethan.brown737@example.com
738,Hannah Lewis,hannah.lewis738@example.com
739,Julia Brown,julia.brown739@example.com
740,Julia Johnson,julia.johnson740@example.com
741,Bob Prince,bob.prince741@example.com
742,Diana Walker,diana.walker742@example.com
743,Ian Taylor,ian.taylor743@example.com
744,Hannah Hunt,hannah.hunt744@example.com
745,George Prince,george.prince745@example.com
746,Julia Hall,julia.hall746@example.com
747,George Walker,george.walker747@example.com
748,George Clark,george.clark748@example.com
749,Ethan Clark,ethan.clark749@example.com
750,Fiona Lewis,fiona.lewis750@example.com
751,Bob Johnson,bob.johnson751@example.com
752,Fiona Taylor,fiona.taylor752@example.com
753,Charlie Brown,charlie.brown753@example.com
754,Fiona Smith,fiona.smith754@example.com
755,Ethan Hall,ethan.hall755@example.com
756,Ethan Walker,ethan.walker756@example.com
757,Ian Clark,ian.clark757@example.com
758,Hannah Hall,hannah.hall758@example.com
759,Bob Clark,bob.clark759@example.com
760,Alice Taylor,alice.taylor760@example.com
761,Alice Brown,alice.brown761@example.com
762,George Walker,george.walker762@example.com
763,Charlie Hall,charlie.hall763@example.com
764,George Lewis,george.lewis764@example.com
765,Ethan Prince,ethan.prince765@example.com
766,Charlie Brown,charlie.brown766@example.com
767,Hannah Johnson,hannah.johnson767@example.com
768,Julia Walker,julia.walker768@example.com
769,Hannah Smith,hannah.smith769@example.com
770,Bob Smith,bob.smith770@example.com
771,Ethan Clark,ethan.clark771@example.com
772,Fiona Hall,fiona.hall772@example.com
773,Bob Clark,bob.clark773@example.com
774,Ethan Brown,ethan.brown774@example.com
775,Fiona Walker,fiona.walker775@example.com
776,Alice Johnson,alice.johnson776@example.com
777,Alice Hunt,alice.hunt777@example.com
778,Charlie Hunt,charlie.hunt778@example.com
779,Charlie Prince,charlie.prince779@example.com
780,Bob Hunt,bob.hunt780@example.com
781,Diana Prince,diana.prince781@example.com
782,George Hunt,george.hunt782@example.com
783,Diana Hall,diana.hall783@example.com
784,Alice Taylor,alice.taylor784@example.com
785,George Smith,george.smith785@example.com
786,Diana Hall,diana.hall786@example.com
787,Fiona Taylor,fiona.taylor787@example.com
788,Julia Lewis,julia.lewis788@example.com
789,Charlie Brown,charlie.brown789@example.com
790,Ian Hunt,ian.hunt790@example.com
791,Bob Clark,bob.clark791@example.com
792,Alice Johnson,alice.johnson792@example.com
793,Ian Brown,ian.brown793@example.com
794,Julia Johnson,julia.johnson794@example.com
795,Ethan Lewis,ethan.lewis795@example.com
796,Julia Hunt,julia.hunt796@example.com
797,George Clark,george.clark797@example.com
798,Julia Taylor,julia.taylor798@example.com
799,Charlie Johnson,charlie.johnson799@example.com
800,Alice Lewis,alice.lewis800@example.com
801,Ethan Hunt,ethan.hunt801@example.com
802,Diana Smith,diana.smith802@example.com
803,George Prince,george.prince803@example.com
804,Fiona Clark,fiona.clark804@example.com
805,Ethan Prince,ethan.prince805@example.com
806,Bob Taylor,bob.taylor806@example.com
807,Ethan Prince,ethan.prince807@example.com
808,George Lewis,george.lewis808@example.com
809,Diana Hunt,diana.hunt809@example.com
810,Hannah Walker,hannah.walker810@example.com
811,Diana Clark,diana.clark811@example.com
812,Julia Smith,julia.smith812@example.com
813,Charlie Johnson,charlie.johnson813@example.com
814,Ian Hall,ian.hall814@example.com
815,George Johnson,george.johnson815@example.com
816,Ian Walker,ian.walker816@example.com
817,Julia Clark,julia.clark817@example.com
818,Diana Hunt,diana.hunt818@example.com
819,George Taylor,george.taylor819@example.com
820,Bob Lewis,bob.lewis820@example.com
821,Hannah Hunt,hannah.hunt821@example.com
822,Ethan Hunt,ethan.hunt822@example.com
823,Alice Hunt,alice.hunt823@example.com
824,Ethan Clark,ethan.clark824@example.com
825,Bob Taylor,bob.taylor825@example.com
826,Ian Hall,ian.hall826@example.com
827,Bob Walker,bob.walker827@example.com
828,Bob Hall,bob.hall828@example.com
829,Ian Lewis,ian.lewis829@example.com
830,Bob Clark,bob.clark830@example.com
831,Alice Prince,alice.prince831@example.com
832,Alice Prince,alice.prince832@example.com
833,Fiona Hall,fiona.hall833@example.com
834,Hannah Lewis,hannah.lewis834@example.com
835,Julia Smith,julia.smith835@example.com
836,Bob Taylor,bob.taylor836@example.com
837,Julia Smith,julia.smith837@example.com
838,Fiona Walker,fiona.walker838@example.com
839,Alice Smith,alice.smith839@example.com
840,Hannah Hall,hannah.hall840@example.com
841,Ethan Walker,ethan.walker841@example.com
842,Diana Lewis,diana.lewis842@example.com
843,Ian Taylor,ian.taylor843@example.com
844,Ethan Brown,ethan.brown844@example.com
845,Charlie Brown,charlie.brown845@example.com
846,Hannah Hall,hannah.hall846@example.com
847,Ian Hunt,ian.hunt847@example.com
848,Diana Brown,diana.brown848@example.com
849,Bob Clark,bob.clark849@example.com
850,Fiona Brown,fiona.brown850@example.com
851,George Smith,george.smith851@example.com
852,Bob Prince,bob.prince852@example.com
853,Hannah Hunt,hannah.hunt853@example.com
854,Ethan Brown,ethan.brown854@example.com
855,Bob Smith,bob.smith855@example.com
856,Ethan Hall,ethan.hall856@example.com
857,Alice Prince,alice.prince857@example.com
858,Alice Lewis,alice.lewis858@example.com
859,Alice Lewis,alice.lewis859@example.com
860,Alice Prince,alice.prince860@example.com
861,Fiona Smith,fiona.smith861@example.com
862,Ethan Prince,ethan.prince862@example.com
863,Fiona Smith,fiona.smith863@example.com
864,Diana Hunt,diana.hunt864@example.com
865,Diana Brown,diana.brown865@example.com
866,Ethan Clark,ethan.clark866@example.com
867,Ethan Johnson,ethan.johnson867@example.com
868,Alice Taylor,alice.taylor868@example.com
869,Alice Lewis,alice.lewis869@example.com
870,Fiona Taylor,fiona.taylor870@example.com
871,Charlie Lewis,charlie.lewis871@example.com
872,Bob Smith,bob.smith872@example.com
873,Alice Lewis,alice.lewis873@example.com
874,Ian Brown,ian.brown874@example.com
875,Fiona Lewis,fiona.lewis875@example.com
876,Diana Brown,diana.brown876@example.com
877,Bob Brown,bob.brown877@example.com
878,Ian Johnson,ian.johnson878@example.com
879,Ethan Johnson,ethan.johnson879@example.com
880,Ian Lewis,ian.lewis880@example.com
881,George Lewis,george.lewis881@example.com
882,Hannah Taylor,hannah.taylor882@example.com
883,Bob Hunt,bob.hunt883@example.com
884,Bob Hunt,bob.hunt884@example.com
885,Alice Prince,alice.prince885@example.com
886,Hannah Prince,hannah.prince886@example.com
887,Diana Hunt,diana.hunt887@example.com
888,Hannah Johnson,hannah.johnson888@example.com
889,Alice Hunt,alice.hunt889@example.com
890,Julia Lewis,julia.lewis890@example.com
891,Fiona Walker,fiona.walker891@example.com
892,Julia Walker,julia.walker892@example.com
893,Julia Walker,julia.walker893@example.com
894,Bob Johnson,bob.johnson894@example.com
895,Hannah Hall,hannah.hall895@example.com
896,George Clark,george.clark896@example.com
897,Alice Prince,alice.prince897@example.com
898,Bob Johnson,bob.johnson898@example.com
899,Bob Taylor,bob.taylor899@example.com
900,Hannah Walker,hannah.walker900@example.com
901,Ian Hall,ian.hall901@example.com
902,Charlie Walker,charlie.walker902@example.com
903,Alice Smith,alice.smith903@example.com
904,Bob Johnson,bob.johnson904@example.com
905,Julia Walker,julia.walker905@example.com
906,Julia Hall,julia.hall906@example.com
907,Bob Smith,bob.smith907@example.com
908,Alice Johnson,alice.johnson908@example.com
909,Hannah Brown,hannah.brown909@example.com
910,Alice Smith,alice.smith910@example.com
911,Hannah Prince,hannah.prince911@example.com
912,George Hunt,george.hunt912@example.com
913,Alice Walker,alice.walker913@example.com
914,Ian Hall,ian.hall914@example.com
915,Julia Lewis,julia.lewis915@example.com
916,Hannah Brown,hannah.brown916@example.com
917,Hannah Hall,hannah.hall917@example.com
918,Diana Hunt,diana.hunt918@example.com
919,Hannah Taylor,hannah.taylor919@example.com
920,Fiona Walker,fiona.walker920@example.com
921,Charlie Prince,charlie.prince921@example.com
922,Ian Hall,ian.hall922@example.com
923,Bob Lewis,bob.lewis923@example.com
924,Alice Lewis,alice.lewis924@example.com
925,Alice Brown,alice.brown925@example.com
926,Julia Walker,julia.walker926@example.com
927,Julia Clark,julia.clark927@example.com
928,Fiona Smith,fiona.smith928@example.com
929,Charlie Walker,charlie.walker929@example.com
930,Ethan Walker,ethan.walker930@example.com
931,Bob Walker,bob.walker931@example.com
932,Hannah Johnson,hannah.johnson932@example.com
933,George Hall,george.hall933@example.com
934,Bob Brown,bob.brown934@example.com
935,Julia Johnson,julia.johnson935@example.com
936,Julia Clark,julia.clark936@example.com
937,Alice Lewis,alice.lewis937@example.com
938,Ethan Brown,ethan.brown938@example.com
939,Fiona Smith,fiona.smith939@example.com
940,Julia Hunt,julia.hunt940@example.com
941,Ethan Clark,ethan.clark941@example.com
942,Ian Walker,ian.walker942@example.com
943,George Hunt,george.hunt943@example.com
944,Charlie Smith,charlie.smith944@example.com
945,Fiona Lewis,fiona.lewis945@example.com
946,Hannah Smith,hannah.smith946@example.com
947,Alice Johnson,alice.johnson947@example.com
948,Fiona Hall,fiona.hall948@example.com
949,Diana Smith,diana.smith949@example.com
950,Julia Prince,julia.prince950@example.com
951,Charlie Clark,charlie.clark951@example.com
952,Ian Smith,ian.smith952@example.com
953,Alice Hunt,alice.hunt953@example.com
954,Hannah Clark,hannah.clark954@example.com
955,Charlie Lewis,charlie.lewis955@example.com
956,George Prince,george.prince956@example.com
957,Bob Brown,bob.brown957@example.com
958,Ian Smith,ian.smith958@example.com
959,George Clark,george.clark959@example.com
960,Bob Lewis,bob.lewis960@example.com
961,Ian Walker,ian.walker961@example.com
962,Hannah Hall,hannah.hall962@example.com
963,Bob Hunt,bob.hunt963@example.com
964,Bob Brown,bob.brown964@example.com
965,Diana Johnson,diana.johnson965@example.com
966,Ethan Johnson,ethan.johnson966@example.com
967,Ethan Hunt,ethan.hunt967@example.com
968,Charlie Taylor,charlie.taylor968@example.com
969,Diana Smith,diana.smith969@example.com
970,Ian Johnson,ian.johnson970@example.com
971,Charlie Taylor,charlie.taylor971@example.com
972,Julia Smith,julia.smith972@example.com
973,Diana Brown,diana.brown973@example.com
974,George Smith,george.smith974@example.com
975,Bob Brown,bob.brown975@example.com
976,Julia Johnson,julia.johnson976@example.com
977,George Walker,george.walker977@example.com
978,Ian Hall,ian.hall978@example.com
979,Diana Smith,diana.smith979@example.com
980,George Walker,george.walker980@example.com
981,Diana Brown,diana.brown981@example.com
982,Diana Johnson,diana.johnson982@example.com
983,Charlie Smith,charlie.smith983@example.com
984,Bob Taylor,bob.taylor984@example.com
985,Julia Hunt,julia.hunt985@example.com
986,Ethan Smith,ethan.smith986@example.com
987,Alice Brown,alice.brown987@example.com
988,Bob Johnson,bob.johnson988@example.com
989,Julia Hall,julia.hall989@example.com
990,George Taylor,george.taylor990@example.com
991,Charlie Walker,charlie.walker991@example.com
992,Fiona Taylor,fiona.taylor992@example.com
993,Julia Prince,julia.prince993@example.com
994,Ethan Brown,ethan.brown994@example.com
995,Fiona Hunt,fiona.hunt995@example.com
996,Ethan Clark,ethan.clark996@example.com
997,Alice Lewis,alice.lewis997@example.com
998,Bob Lewis,bob.lewis998@example.com
999,Fiona Hunt,fiona.hunt999@example.com
1000,Charlie Taylor,charlie.taylor1000@example.com
1001,Fiona Walker,fiona.walker1001@example.com
1002,Fiona Prince,fiona.prince1002@example.com
1003,Charlie Hall,charlie.hall1003@example.com
1004,Ian Smith,ian.smith1004@example.com
1005,Ethan Smith,ethan.smith1005@example.com
1006,Hannah Smith,hannah.smith1006@example.com
1007,Ethan Clark,ethan.clark1007@example.com
1008,Charlie Hunt,charlie.hunt1008@example.com
1009,Alice Brown,alice.brown1009@example.com
1010,Fiona Prince,fiona.prince1010@example.com
1011,Ian Clark,ian.clark1011@example.com
1012,Diana Hall,diana.hall1012@example.com
1013,Charlie Walker,charlie.walker1013@example.com
1014,Ian Hunt,ian.hunt1014@example.com
1015,Bob Taylor,bob.taylor1015@example.com
1016,George Hall,george.hall1016@example.com
1017,Alice Walker,alice.walker1017@example.com
1018,Ethan Clark,ethan.clark1018@example.com
1019,Charlie Walker,charlie.walker1019@example.com
1020,Ethan Johnson,ethan.johnson1020@example.com
1021,Julia Clark,julia.clark1021@example.com
1022,Julia Hunt,julia.hunt1022@example.com
1023,Julia Johnson,julia.johnson1023@example.com
1024,George Clark,george.clark1024@example.com
1025,Fiona Prince,fiona.prince1025@example.com
1026,Ethan Hall,ethan.hall1026@example.com
1027,Julia Brown,julia.brown1027@example.com
1028,Alice Clark,alice.clark1028@example.com
1029,Diana Clark,diana.clark1029@example.com
1030,Ian Clark,ian.clark1030@example.com
1031,Charlie Hall,charlie.hall1031@example.com
1032,Bob Taylor,bob.taylor1032@example.com
1033,Charlie Lewis,charlie.lewis1033@example.com
1034,Ian Clark,ian.clark1034@example.com
1035,Bob Taylor,bob.taylor1035@example.com
1036,George Lewis,george.lewis1036@example.com
1037,George Lewis,george.lewis1037@example.com
1038,Ethan Hunt,ethan.hunt1038@example.com
1039,George Hall,george.hall1039@example.com
1040,Diana Prince,diana.prince1040@example.com
1041,George Prince,george.prince1041@example.com
1042,Fiona Brown,fiona.brown1042@example.com
1043,Hannah Lewis,hannah.lewis1043@example.com
1044,Diana Brown,diana.brown1044@example.com
1045,George Clark,george.clark1045@example.com
1046,Alice Hunt,alice.hunt1046@example.com
1047,Julia Hunt,julia.hunt1047@example.com
1048,Hannah Clark,hannah.clark1048@example.com
1049,Hannah Hall,hannah.hall1049@example.com
1050,Julia Taylor,julia.taylor1050@example.com
1051,Fiona Walker,fiona.walker1051@example.com
1052,Ethan Brown,ethan.brown1052@example.com
1053,Diana Prince,diana.prince1053@example.com
1054,Fiona Walker,fiona.walker1054@example.com
1055,Ethan Smith,ethan.smith1055@example.com
1056,Ian Brown,ian.brown1056@example.com
1057,George Hunt,george.hunt1057@example.com
1058,Ethan Smith,ethan.smith1058@example.com
1059,Diana Brown,diana.brown1059@example.com
1060,Fiona Brown,fiona.brown1060@example.com
1061,Fiona Prince,fiona.prince1061@example.com
1062,Fiona Smith,fiona.smith1062@example.com
1063,Fiona Lewis,fiona.lewis1063@example.com
1064,Hannah Taylor,hannah.taylor1064@example.com
1065,Hannah Hall,hannah.hall1065@example.com
1066,Charlie Lewis,charlie.lewis1066@example.com
1067,Bob Smith,bob.smith1067@example.com
1068,Ethan Clark,ethan.clark1068@example.com
1069,Bob Smith,bob.smith1069@example.com
1070,Ethan Prince,ethan.prince1070@example.com
1071,Diana Hall,diana.hall1071@example.com
1072,George Johnson,george.johnson1072@example.com
1073,Charlie Smith,charlie.smith1073@example.com
1074,Ethan Hall,ethan.hall1074@example.com
1075,Charlie Hall,charlie.hall1075@example.com
1076,George Walker,george.walker1076@example.com
1077,Ian Hall,ian.hall1077@example.com
1078,Hannah Taylor,hannah.taylor1078@example.com
1079,Fiona Prince,fiona.prince1079@example.com
1080,George Walker,george.walker1080@example.com
1081,Charlie Walker,charlie.walker1081@example.com
1082,Bob Brown,bob.brown1082@example.com
1083,Ian Johnson,ian.johnson1083@example.com
1084,Hannah Walker,hannah.walker1084@example.com
1085,Julia Walker,julia.walker1085@example.com
1086,Ethan Brown,ethan.brown1086@example.com
1087,Alice Johnson,alice.johnson1087@example.com
1088,Ian Prince,ian.prince1088@example.com
1089,Fiona Taylor,fiona.taylor1089@example.com
1090,Diana Walker,diana.walker1090@example.com
1091,Fiona Brown,fiona.brown1091@example.com
1092,Fiona Lewis,fiona.lewis1092@example.com
1093,Julia Hall,julia.hall1093@example.com
1094,Ethan Smith,ethan.smith1094@example.com
1095,Diana Johnson,diana.johnson1095@example.com
1096,Charlie Walker,charlie.walker1096@example.com
1097,Hannah Walker,hannah.walker1097@example.com
1098,Ethan Walker,ethan.walker1098@example.com
1099,Ethan Taylor,ethan.taylor1099@example.com
1100,Fiona Hunt,fiona.hunt1100@example.com
1101,Fiona Walker,fiona.walker1101@example.com
1102,Ethan Brown,ethan.brown1102@example.com
1103,Bob Clark,bob.clark1103@example.com
1104,Charlie Clark,charlie.clark1104@example.com
1105,Ian Johnson,ian.johnson1105@example.com
1106,Alice Walker,alice.walker1106@example.com
1107,Julia Prince,julia.prince1107@example.com
1108,Alice Taylor,alice.taylor1108@example.com
1109,George Walker,george.walker1109@example.com
1110,George Johnson,george.johnson1110@example.com
1111,Charlie Clark,charlie.clark1111@example.com
1112,Ethan Johnson,ethan.johnson1112@example.com
1113,Ian Hall,ian.hall1113@example.com
1114,Charlie Lewis,charlie.lewis1114@example.com
1115,Julia Walker,julia.walker1115@example.com
1116,Hannah Walker,hannah.walker1116@example.com
1117,Diana Clark,diana.clark1117@example.com
1118,Charlie Prince,charlie.prince1118@example.com
1119,Alice Clark,alice.clark1119@example.com
1120,Charlie Prince,charlie.prince1120@example.com
1121,Fiona Walker,fiona.walker1121@example.com
1122,Charlie Clark,charlie.clark1122@example.com
1123,Fiona Johnson,fiona.johnson1123@example.com
1124,Charlie Taylor,charlie.taylor1124@example.com
1125,Hannah Prince,hannah.prince1125@example.com
1126,Alice Prince,alice.prince1126@example.com
1127,Ethan Brown,ethan.brown1127@example.com
1128,Alice Clark,alice.clark1128@example.com
1129,Bob Hunt,bob.hunt1129@example.com
1130,Hannah Prince,hannah.prince1130@example.com
1131,Charlie Hunt,charlie.hunt1131@example.com
1132,George Clark,george.clark1132@example.com
1133,Ian Prince,ian.prince1133@example.com
1134,Diana Hunt,diana.hunt1134@example.com
1135,Ian Walker,ian.walker1135@example.com
1136,Ian Prince,ian.prince1136@example.com
1137,Hannah Walker,hannah.walker1137@example.com
1138,George Walker,george.walker1138@example.com
1139,Alice Clark,alice.clark1139@example.com
1140,George Prince,george.prince1140@example.com
1141,Hannah Prince,hannah.prince1141@example.com
1142,Bob Brown,bob.brown1142@example.com
1143,Ethan Clark,ethan.clark1143@example.com
1144,Bob Walker,bob.walker1144@example.com
1145,George Walker,george.walker1145@example.com
1146,Bob Brown,bob.brown1146@example.com
1147,Charlie Lewis,charlie.lewis1147@example.com
1148,Diana Prince,diana.prince1148@example.com
1149,Diana Hunt,diana.hunt1149@example.com
1150,Hannah Walker,hannah.walker1150@example.com
1151,Diana Johnson,diana.johnson1151@example.com
1152,Ethan Johnson,ethan.johnson1152@example.com
1153,Ethan Lewis,ethan.lewis1153@example.com
1154,Charlie Brown,charlie.brown1154@example.com
1155,Fiona Walker,fiona.walker1155@example.com
1156,Hannah Walker,hannah.walker1156@example.com
1157,George Clark,george.clark1157@example.com
1158,Fiona Brown,fiona.brown1158@example.com
1159,Julia Hunt,julia.hunt1159@example.com
1160,George Prince,george.prince1160@example.com
1161,Ian Smith,ian.smith1161@example.com
1162,Ethan Clark,ethan.clark1162@example.com
1163,Bob Clark,bob.clark1163@example.com
1164,Ethan Johnson,ethan.johnson1164@example.com
1165,Hannah Brown,hannah.brown1165@example.com
1166,Ethan Hunt,ethan.hunt1166@example.com
1167,Bob Johnson,bob.johnson1167@example.com
1168,Ian Hunt,ian.hunt1168@example.com
1169,Alice Hunt,alice.hunt1169@example.com
1170,George Hunt,george.hunt1170@example.com
1171,Hannah Johnson,hannah.johnson1171@example.com
1172,Alice Taylor,alice.taylor1172@example.com
1173,Diana Brown,diana.brown1173@example.com
1174,Fiona Lewis,fiona.lewis1174@example.com
1175,Fiona Smith,fiona.smith1175@example.com
1176,Ian Walker,ian.walker1176@example.com
1177,George Walker,george.walker1177@example.com
1178,Bob Hunt,bob.hunt1178@example.com
1179,Ethan Prince,ethan.prince1179@example.com
1180,Charlie Brown,charlie.brown1180@example.com
1181,George Brown,george.brown1181@example.com
1182,Diana Taylor,diana.taylor1182@example.com
1183,Diana Prince,diana.prince1183@example.com
1184,Julia Smith,julia.smith1184@example.com
1185,Charlie Taylor,charlie.taylor1185@example.com
1186,Julia Clark,julia.clark1186@example.com
1187,Bob Brown,bob.brown1187@example.com
1188,Alice Walker,alice.walker1188@example.com
1189,Ethan Prince,ethan.prince1189@example.com
1190,Diana Taylor,diana.taylor1190@example.com
1191,Ian Taylor,ian.taylor1191@example.com
1192,Julia Lewis,julia.lewis1192@example.com
1193,Charlie Lewis,charlie.lewis1193@example.com
1194,Hannah Hunt,hannah.hunt1194@example.com
1195,Alice Brown,alice.brown1195@example.com
1196,Julia Taylor,julia.taylor1196@example.com
1197,Julia Brown,julia.brown1197@example.com
1198,Hannah Clark,hannah.clark1198@example.com
1199,Fiona Brown,fiona.brown1199@example.com
1200,Bob Walker,bob.walker1200@example.com
